{
  "version": 1,
  "author": "Uri Shaked",
  "editor": "wokwi",
  "parts": [
    { "type": "wokwi-breadboard", "id": "bb1", "top": 83.4, "left": -294.8, "attrs": {} },
    { "type": "board-esp32-devkit-c-v4", "id": "esp", "top": 124.8, "left": -446.36, "attrs": {} },
    { "type": "wokwi-lcd1602", "id": "lcd1", "top": -63.77, "left": -108.8, "attrs": {} },
    { "type": "board-ds18b20", "id": "temp1", "top": 18.07, "left": -178.32, "attrs": {} },
    {
      "type": "wokwi-pir-motion-sensor",
      "id": "pir1",
      "top": -34.4,
      "left": -276.18,
      "attrs": {}
    },
    {
      "type": "wokwi-led",
      "id": "led1",
      "top": 169.2,
      "left": -226.6,
      "attrs": { "color": "red" }
    }
  ],
  "connections": [
    [ "esp:TX", "$serialMonitor:RX", "", [] ],
    [ "esp:RX", "$serialMonitor:TX", "", [] ],
    [ "esp:GND.2", "bb1:tn.1", "black", [ "v0" ] ],
    [ "esp:3V3", "bb1:tp.1", "red", [ "h0.15", "v-76.8" ] ],
    [ "lcd1:K", "bb1:tn.29", "black", [ "v0" ] ],
    [ "lcd1:A", "bb1:tp.28", "red", [ "v0" ] ],
    [ "lcd1:D7", "bb1:34t.d", "cyan", [ "v0" ] ],
    [ "lcd1:D6", "bb1:33t.c", "yellow", [ "v0" ] ],
    [ "lcd1:D5", "bb1:32t.b", "violet", [ "v0" ] ],
    [ "lcd1:D4", "bb1:31t.a", "purple", [ "v0" ] ],
    [ "lcd1:E", "bb1:26t.d", "blue", [ "v0" ] ],
    [ "lcd1:RS", "bb1:24t.c", "orange", [ "v0" ] ],
    [ "bb1:34t.e", "esp:15", "cyan", [ "v0" ] ],
    [ "bb1:33t.e", "esp:2", "yellow", [ "v0" ] ],
    [ "bb1:32t.e", "esp:0", "violet", [ "v0" ] ],
    [ "bb1:31t.e", "esp:4", "purple", [ "v0" ] ],
    [ "bb1:26t.e", "esp:16", "blue", [ "v0" ] ],
    [ "bb1:24t.e", "esp:17", "orange", [ "v0" ] ],
    [ "temp1:VCC", "bb1:tp.10", "red", [ "v0" ] ],
    [ "temp1:GND", "bb1:tn.8", "black", [ "v0" ] ],
    [ "temp1:DQ", "bb1:12t.d", "limegreen", [ "v0" ] ],
    [ "esp:5", "bb1:12t.e", "limegreen", [ "h48", "v-67.2" ] ],
    [ "bb1:4t.c", "esp:23", "yellow", [ "v0" ] ],
    [ "pir1:VCC", "bb1:tp.2", "red", [ "v0" ] ],
    [ "pir1:GND", "bb1:tn.4", "black", [ "v0" ] ],
    [ "pir1:OUT", "bb1:4t.a", "yellow", [ "v0" ] ],
    [ "esp:21", "bb1:8b.h", "white", [ "h19.2", "v19.2" ] ],
    [ "bb1:7b.i", "esp:GND.1", "black", [ "v115.2", "h-259.2", "v-19.2" ] ],
    [ "led1:A", "bb1:8b.g", "", [ "$bb" ] ],
    [ "led1:C", "bb1:7b.g", "", [ "$bb" ] ]
  ],
  "dependencies": {}
}